{"version": 2, "width": 80, "height": 23, "timestamp": 1559296559, "env": {"SHELL": "/bin/bash", "TERM": "screen-256color"}}
[0.407236, "o", "gpg-agent: a gpg-agent is already running - not starting a new one\r\n"]
[0.466037, "o", "\u001b[38;5;250m\u001b[48;5;240m nicholas \u001b[48;5;31m\u001b[38;5;240m\u001b[0m\u001b[38;5;15m\u001b[48;5;31m ~ \u001b[0m\u001b[38;5;31m\u001b[0m \r\n\u001b[38;5;15m\u001b[48;5;236m$\u001b[0m\u001b[38;5;236m\u001b[0m "]
[1.632161, "o", "d"]
[1.746365, "o", "o"]
[1.818226, "o", "c"]
[1.891349, "o", "k"]
[2.000451, "o", "d"]
[2.64913, "o", "\b\u001b[K"]
[2.832493, "o", "e"]
[2.92834, "o", "r"]
[2.998842, "o", " "]
[3.178053, "o", "v"]
[3.276005, "o", "e"]
[3.367188, "o", "r"]
[3.45896, "o", "s"]
[3.506485, "o", "i"]
[3.668798, "o", "o"]
[3.7744, "o", "n"]
[3.877008, "o", "\r\n"]
[5.261609, "o", "Client: Docker Engine - Community\r\n"]
[5.262269, "o", " Version:           18.09.2\r\n API version:       1.39\r\n Go version:        go1.10.8\r\n Git commit:        6247962"]
[5.262625, "o", "\r\n Built:             Sun Feb 10 04:11:47 2019\r\n OS/Arch:           linux/amd64"]
[5.262942, "o", "\r\n Experimental:      false\r\n\r\n"]
[5.263729, "o", "Server: Docker Engine - Community\r\n Engine:\r\n"]
[5.265592, "o", "  Version:          18.09.6\r\n  API version:      1.39 (minimum version 1.12)\r\n  Go version:       go1.10.8\r\n  Git commit:       481bc77\r\n  Built:            Sat May  4 01:59:36 2019\r\n  OS/Arch:          linux/amd64\r\n  Experimental:     false\r\n"]
[5.33914, "o", "\u001b[38;5;250m\u001b[48;5;240m nicholas \u001b[48;5;31m\u001b[38;5;240m\u001b[0m\u001b[38;5;15m\u001b[48;5;31m ~ \u001b[0m\u001b[38;5;31m\u001b[0m \r\n\u001b[38;5;15m\u001b[48;5;236m$\u001b[0m\u001b[38;5;236m\u001b[0m "]
[6.985977, "o", "exit\r\n"]
